step	accuracy
0	0.7959269578126212
1	1.384161813039407
2	2.1214623444274188
3	3.762561034197388
4	4.0348711853710935
5	5.554660069204804
6	6.03379123201832
7	7.797290152170388
8	8.260733226266852
9	9.76049719439761
