step	loss
0	9.002060193565956
1	8.903161626565765
2	7.602906909331976
3	6.064810285821423
4	5.289953853387865
5	4.057427847987473
6	3.887215492367623
7	2.5454892267532467
8	1.7120495210153335
9	0.601479611094143
