{
    "train": {
        "cb_2025": {
            "accuracy": 9.76049719439761,
            "loss": 0.601479611094143
        }
    },
    "val": {
        "cb_2020": {
            "accuracy": 9.51041417217273,
            "loss": 0.9441838900099145
        }
    },
    "step": 9
}
